{"Abs Rel": 0.10601685962226085, "Sq Rel": 0.7309800668033897, "RMSE": 5.2019861317334515, "Log RMSE": 0.1590006933246786, "\u03b4 < 1.": 0.0, "\u03b4 < 1.25": 0.901254368391871, "\u03b4 < 1.25^2": 0.9774825694216869, "\u03b4 < 1.25^3": 0.9921441471342628}