{"Abs Rel": 0.11708673824637969, "Sq Rel": 0.7421968276980169, "RMSE": 5.092210159660206, "Log RMSE": 0.16252921091184344, "\u03b4 < 1.": 0.0, "\u03b4 < 1.25": 0.8931636000731501, "\u03b4 < 1.25^2": 0.979053370720214, "\u03b4 < 1.25^3": 0.9927608146096591}