{"Abs Rel": 0.13437100226130186, "Sq Rel": 0.8672710294527747, "RMSE": 5.384747945346968, "Log RMSE": 0.1762556846217035, "\u03b4 < 1.": 0.0, "\u03b4 < 1.25": 0.857737931960805, "\u03b4 < 1.25^2": 0.9765867438486677, "\u03b4 < 1.25^3": 0.992011720676986}