{"Abs Rel": 0.40487751186403775, "Sq Rel": 2.0266347223567487, "RMSE": 4.349745217906029, "Log RMSE": 0.5469477306139481, "\u03b4 < 1.": 0.0, "\u03b4 < 1.25": 0.49079849623619476, "\u03b4 < 1.25^2": 0.7136866143669105, "\u03b4 < 1.25^3": 0.8192329381851422}