{"Abs Rel": 0.4331824650535091, "Sq Rel": 5.340664494013391, "RMSE": 5.237762222935772, "Log RMSE": 0.5120709454455126, "\u03b4 < 1.": 0.0, "\u03b4 < 1.25": 0.5810615977485405, "\u03b4 < 1.25^2": 0.7785445405185312, "\u03b4 < 1.25^3": 0.8489776245059769}