{"Abs Rel": 0.9776401597963817, "Sq Rel": 7.417335674461628, "RMSE": 6.676071206826419, "Log RMSE": 0.8374812139705423, "\u03b4 < 1.": 0.0, "\u03b4 < 1.25": 0.23244543802715825, "\u03b4 < 1.25^2": 0.41097267827633216, "\u03b4 < 1.25^3": 0.5096882834965388}