{"Abs Rel": 0.09974291003540074, "Sq Rel": 0.0680055188204115, "RMSE": 0.33886527647386083, "Log RMSE": 0.15487643022231554, "\u03b4 < 1.": 0.0, "\u03b4 < 1.25": 0.9214299444898284, "\u03b4 < 1.25^2": 0.9795378750575684, "\u03b4 < 1.25^3": 0.9863464485473123}