{"Abs Rel": 0.07198858870366646, "Sq Rel": 0.051523094013885384, "RMSE": 0.2786793024467361, "Log RMSE": 0.13066446499083223, "\u03b4 < 1.": 0.0, "\u03b4 < 1.25": 0.9556878135281243, "\u03b4 < 1.25^2": 0.9803297238200975, "\u03b4 < 1.25^3": 0.9868338667428858}