{"Abs Rel": 0.07560379706051684, "Sq Rel": 0.0534661761001761, "RMSE": 0.28737281726139874, "Log RMSE": 0.1364129089217309, "\u03b4 < 1.": 0.0, "\u03b4 < 1.25": 0.9531653992880111, "\u03b4 < 1.25^2": 0.9798795297403474, "\u03b4 < 1.25^3": 0.9864443293301461}