{"Abs Rel": 0.39870153250910867, "Sq Rel": 4.045919332567915, "RMSE": 5.02037414526874, "Log RMSE": 0.5127254501835106, "\u03b4 < 1.": 0.0, "\u03b4 < 1.25": 0.5707622312501925, "\u03b4 < 1.25^2": 0.7707513755472186, "\u03b4 < 1.25^3": 0.8472138196218157}