{"Abs Rel": 0.9172534302462566, "Sq Rel": 6.253869610517841, "RMSE": 6.549426522697514, "Log RMSE": 0.8260793066928465, "\u03b4 < 1.": 0.0, "\u03b4 < 1.25": 0.24722792523906462, "\u03b4 < 1.25^2": 0.42162019345088614, "\u03b4 < 1.25^3": 0.5131240022244121}