{"Abs Rel": 0.409211754273131, "Sq Rel": 2.156225217210934, "RMSE": 4.384843370254649, "Log RMSE": 0.5416838634538738, "\u03b4 < 1.": 0.0, "\u03b4 < 1.25": 0.4934354084618405, "\u03b4 < 1.25^2": 0.70598666942471, "\u03b4 < 1.25^3": 0.8170956657101072}