reset_interval,delta_runtime_sec_mean_drift0_minus_driftpos,delta_per_frame_sec_mean_drift0_minus_driftpos,delta_consistency_mean_drift0_minus_driftpos,delta_loop_trans_mean_drift0_minus_driftpos
4,0.21737918257713318,0.014606839666763904,-0.00838803149427636,0.005599409341812134
8,0.4244941174983978,0.024392221122980118,-0.001762124847499713,0.0024348776787519455
16,0.13320308923721313,0.009788970152536991,0.02123402956890108,0.014067520387470722
100,0.22199603915214539,0.013136963049570682,-0.00020355976331076775,-0.0042590005323290825
