reset_interval,consistency_brake_mean,consistency_drift0_mean,delta_consistency_drift0_minus_brake,runtime_brake_mean,runtime_drift0_mean,delta_runtime_drift0_minus_brake
4,1.76753819262577,1.7591501611314937,-0.00838803149427636,15.471018612384796,15.68839779496193,0.21737918257713318
8,2.1095014117439232,2.1077392868964235,-0.001762124847499713,14.900401771068571,15.32489588856697,0.4244941174983996
16,1.0471341532281644,1.0683681827970657,0.021234029568901303,14.622878074645996,14.75608116388321,0.13320308923721313
100,1.1084605046989595,1.1082569449356487,-0.00020355976331076775,14.38973817229271,14.611734211444857,0.22199603915214716
