method,reset_interval,runtime_sec_mean,runtime_sec_std,per_frame_sec_mean,per_frame_sec_std,peak_vram_mb_mean,peak_vram_mb_std,basic_consistency_score_mean,basic_consistency_score_std,loop_closure_trans_error_mean,loop_closure_trans_error_std,loop_closure_rot_error_deg_mean,loop_closure_rot_error_deg_std
ttt3r_momentum_inv_t1,4,15.471018612384796,1.538164046080683,0.937367974470059,0.25003949690994054,5809.0,1.0690449676496976,1.76753819262577,0.6896348845574111,1.3146038353443146,0.4987196301189433,32.044887443972534,20.033459160094846
ttt3r_momentum_inv_t1,8,14.900401771068573,1.5995334585392351,0.9010106585919857,0.23605854869606094,5809.0,1.0690449676496976,2.1095014117439232,1.7512022368426476,1.0499970261007547,0.9796997987881864,50.463126187817686,73.33908779685014
ttt3r_momentum_inv_t1,16,14.622878074645996,1.6267229614251106,0.8825346951683363,0.225688873718604,5808.0,0.0,1.0471341532281644,0.320925481659767,0.31238065008074045,0.2710871740745988,8.829818541175197,4.349934050830346
ttt3r_momentum_inv_t1,100,14.38973817229271,1.3967643233355689,0.8724654701848825,0.2346623478717993,5806.125,5.303300858899107,1.1084605046989595,0.5221293884748078,0.39460436534136534,0.3797756011040048,6.987408655455459,4.426269960746953
ttt3r_momentum_inv_t1_drift0,4,15.68839779496193,1.4730993239059598,0.9519748141368229,0.25793678685714344,5808.75,1.035098339013632,1.7591501611314937,0.6787344715070479,1.3202032446861267,0.502922599671429,30.635789288508157,17.56437600820734
ttt3r_momentum_inv_t1_drift0,8,15.32489588856697,1.7194993134616734,0.9254028797149658,0.23839570413005068,5809.0,1.0690449676496976,2.1077392868964235,1.7288958654619506,1.0524319037795067,0.9570311154317583,50.084524082823165,73.2683887551483
ttt3r_momentum_inv_t1_drift0,16,14.75608116388321,1.5415559699699097,0.8923236653208733,0.23276912540202893,5808.0,0.0,1.0683681827970655,0.32760487461201854,0.3264481704682112,0.2632791520589984,9.221953460954737,5.0637376564942445
ttt3r_momentum_inv_t1_drift0,100,14.611734211444855,1.4653770599453777,0.8856024332344532,0.23749324982118108,5793.0,0.0,1.1082569449356487,0.5165399109015845,0.39034536480903625,0.3714826305247963,6.963136188301351,4.385712540703027
