{"Abs Rel": 0.12881507852883445, "Sq Rel": 0.9124911917820411, "RMSE": 5.700561559499739, "Log RMSE": 0.18097424134719933, "\u03b4 < 1.": 0.0, "\u03b4 < 1.25": 0.8506007146654948, "\u03b4 < 1.25^2": 0.9689756526809861, "\u03b4 < 1.25^3": 0.9909819330475611}