{"Abs Rel": 0.11694223417834121, "Sq Rel": 0.8357527168905543, "RMSE": 5.547694773386967, "Log RMSE": 0.1713912938509706, "\u03b4 < 1.": 0.0, "\u03b4 < 1.25": 0.8736621370107012, "\u03b4 < 1.25^2": 0.9706683778362852, "\u03b4 < 1.25^3": 0.9915723325851673}