{"Abs Rel": 0.1258684890856292, "Sq Rel": 0.853533966980543, "RMSE": 5.495092050652117, "Log RMSE": 0.17358146084427642, "\u03b4 < 1.": 0.0, "\u03b4 < 1.25": 0.8672524133008801, "\u03b4 < 1.25^2": 0.9727883439338432, "\u03b4 < 1.25^3": 0.9921849044449583}