protocol,method,seq_length,runtime_sec_mean,runtime_sec_std,per_frame_sec_mean,per_frame_sec_std,peak_vram_mb_mean,peak_vram_mb_std,output_point_count_mean,output_point_count_std,mean_conf_mean,mean_conf_std,median_conf_mean,median_conf_std,basic_consistency_score_mean,basic_consistency_score_std,loop_closure_trans_error_mean,loop_closure_trans_error_std,loop_closure_rot_error_deg_mean,loop_closure_rot_error_deg_std
different_seed,ttt3r_momentum_inv_t1,12,14.524406870206198,0.7074883629812176,1.2103672391838498,0.05895736358176818,,,582031.0,21997.63335452248,13.102134227752686,4.019694968413318,7.424154281616211,7.036723395061307,1.0513256686893666,0.4123574257708268,0.38415628857910633,0.37410291037467475,6.969051353311191,4.432205533856955
different_seed,ttt3r_momentum_inv_t1,24,17.19233016173045,0.4593190824976371,0.7163470900721021,0.019138295104068136,,,1138252.0,72268.70512746164,11.08981204032898,4.948167850888145,1.6749643087387085,0.23483162745834474,1.1655953407085522,0.6281933819252595,0.40505244210362434,0.4033199573752,7.005765957599725,4.6365572826947465
fixed_seed,ttt3r_momentum_inv_t1,12,14.703325549761454,1.77955773776681,1.2252771291467879,0.14829647814723418,,,582031.0,21997.63335452248,13.102134227752686,4.019694968413318,7.424154281616211,7.036723395061307,1.0513256686893666,0.4123574257708268,0.38415628857910633,0.37410291037467475,6.969051353311191,4.432205533856955
fixed_seed,ttt3r_momentum_inv_t1,24,16.943382223447163,0.5737474949751605,0.7059742593102984,0.023906145623965043,,,1138252.0,72268.70512746164,11.08981204032898,4.948167850888145,1.6749643087387085,0.23483162745834474,1.1655953407085522,0.6281933819252595,0.40505244210362434,0.4033199573752,7.005765957599725,4.6365572826947465
