protocol,method,runtime_sec_mean,runtime_sec_std,per_frame_sec_mean,per_frame_sec_std,peak_vram_mb_mean,peak_vram_mb_std,output_point_count_mean,output_point_count_std,mean_conf_mean,mean_conf_std,median_conf_mean,median_conf_std,basic_consistency_score_mean,basic_consistency_score_std,loop_closure_trans_error_mean,loop_closure_trans_error_std,loop_closure_rot_error_deg_mean,loop_closure_rot_error_deg_std
different_seed,ttt3r_momentum_inv_t1,15.858368515968323,1.5048712746179977,0.9633571646279759,0.2613564178186904,,,860141.5,294908.10750484787,12.095973134040833,4.424722747926955,4.54955929517746,5.616636539554085,1.1084605046989593,0.510124809348859,0.39460436534136534,0.3710439603379578,6.987408655455458,4.324503024907904
fixed_seed,ttt3r_momentum_inv_t1,15.823353886604309,1.7197679905401522,0.9656256942285432,0.2894890731190476,,,860141.5,294908.10750484787,12.095973134040833,4.424722747926955,4.54955929517746,5.616636539554085,1.1084605046989593,0.510124809348859,0.39460436534136534,0.3710439603379578,6.987408655455458,4.324503024907904
