protocol,method,object_id,sequence_id,output_point_count_mean,output_point_count_std,mean_conf_mean,mean_conf_std,median_conf_mean,median_conf_std,basic_consistency_score_mean,basic_consistency_score_std,loop_closure_trans_error_mean,loop_closure_trans_error_std,loop_closure_rot_error_deg_mean,loop_closure_rot_error_deg_std
different_seed,ttt3r_momentum_inv_t1,apple,540_79043_153212_len012,602112.0,0.0,16.771596908569336,0.0,13.847774505615234,0.0,0.6748965622736267,0.0,0.0426486171782016,0.0,2.923019769323389,0.0
different_seed,ttt3r_momentum_inv_t1,apple,540_79043_153212_len024,1204224.0,0.0,15.606850624084473,0.0,1.460593342781067,0.0,0.592135864448681,0.0,0.0368733778595924,0.0,2.773187602771776,0.0
different_seed,ttt3r_momentum_inv_t1,bottle,618_100690_201667_len012,561950.0,0.0,9.432671546936035,0.0,1.0005340576171875,0.0,1.4277547751051065,0.0,0.725663959980011,0.0,11.015082937298994,0.0
different_seed,ttt3r_momentum_inv_t1,bottle,618_100690_201667_len024,1072280.0,0.0,6.572773456573486,0.0,1.88933527469635,0.0,1.7390548169684237,0.0,0.7732315063476562,0.0,11.238344312427676,0.0
fixed_seed,ttt3r_momentum_inv_t1,apple,540_79043_153212_len012,602112.0,0.0,16.771596908569336,0.0,13.847774505615234,0.0,0.6748965622736267,0.0,0.0426486171782016,0.0,2.923019769323389,0.0
fixed_seed,ttt3r_momentum_inv_t1,apple,540_79043_153212_len024,1204224.0,0.0,15.606850624084473,0.0,1.460593342781067,0.0,0.592135864448681,0.0,0.0368733778595924,0.0,2.773187602771776,0.0
fixed_seed,ttt3r_momentum_inv_t1,bottle,618_100690_201667_len012,561950.0,0.0,9.432671546936035,0.0,1.0005340576171875,0.0,1.4277547751051065,0.0,0.725663959980011,0.0,11.015082937298994,0.0
fixed_seed,ttt3r_momentum_inv_t1,bottle,618_100690_201667_len024,1072280.0,0.0,6.572773456573486,0.0,1.88933527469635,0.0,1.7390548169684237,0.0,0.7732315063476562,0.0,11.238344312427676,0.0
