{"Abs Rel": 0.4674140810985408, "Sq Rel": 5.736291013165632, "RMSE": 5.319584316278695, "Log RMSE": 0.5334448682766229, "\u03b4 < 1.": 0.0, "\u03b4 < 1.25": 0.5617112754428172, "\u03b4 < 1.25^2": 0.7616448761505373, "\u03b4 < 1.25^3": 0.8392502707339713}