{"Abs Rel": 0.43297449500626856, "Sq Rel": 2.1649661551234582, "RMSE": 4.403334010053863, "Log RMSE": 0.5717342425804487, "\u03b4 < 1.": 0.0, "\u03b4 < 1.25": 0.46934971945635084, "\u03b4 < 1.25^2": 0.6900823594168136, "\u03b4 < 1.25^3": 0.7940072297981838}