{"Abs Rel": 1.0216661600380004, "Sq Rel": 8.563815292077699, "RMSE": 6.880202700428698, "Log RMSE": 0.8612257305099035, "\u03b4 < 1.": 0.0, "\u03b4 < 1.25": 0.23765607827762553, "\u03b4 < 1.25^2": 0.3994141534392487, "\u03b4 < 1.25^3": 0.5022343610669927}