{"Abs Rel": 0.09408084529748191, "Sq Rel": 0.06483771143826887, "RMSE": 0.32357651272840465, "Log RMSE": 0.1503253327055465, "\u03b4 < 1.": 0.0, "\u03b4 < 1.25": 0.9343116335483501, "\u03b4 < 1.25^2": 0.9793714501417039, "\u03b4 < 1.25^3": 0.9865616390733343}