{"Abs Rel": 0.06546364519052739, "Sq Rel": 0.04943900260170541, "RMSE": 0.2641149555615213, "Log RMSE": 0.12546885673490768, "\u03b4 < 1.": 0.0, "\u03b4 < 1.25": 0.9600739931197849, "\u03b4 < 1.25^2": 0.9801646467137, "\u03b4 < 1.25^3": 0.9870149172437387}