{"Abs Rel": 0.06997247662907452, "Sq Rel": 0.05158470957534841, "RMSE": 0.27336276115709923, "Log RMSE": 0.13251147815833797, "\u03b4 < 1.": 0.0, "\u03b4 < 1.25": 0.9540007164651115, "\u03b4 < 1.25^2": 0.9796895408927818, "\u03b4 < 1.25^3": 0.9866940225480754}