{"Abs Rel": 0.1319151615171402, "Sq Rel": 0.8847452128989431, "RMSE": 5.426144742801791, "Log RMSE": 0.1761862894809789, "\u03b4 < 1.": 0.0, "\u03b4 < 1.25": 0.8652950713073725, "\u03b4 < 1.25^2": 0.9757153201929355, "\u03b4 < 1.25^3": 0.9916693166739777}