{"Abs Rel": 0.1192057998750993, "Sq Rel": 0.7702404621688458, "RMSE": 5.144020198418472, "Log RMSE": 0.16500564558983877, "\u03b4 < 1.": 0.0, "\u03b4 < 1.25": 0.8906382064423154, "\u03b4 < 1.25^2": 0.9781228643425356, "\u03b4 < 1.25^3": 0.9924200761641216}