{"Abs Rel": 0.1074133207595767, "Sq Rel": 0.760682389939931, "RMSE": 5.25622555231092, "Log RMSE": 0.16211355435847197, "\u03b4 < 1.": 0.0, "\u03b4 < 1.25": 0.8971053497023689, "\u03b4 < 1.25^2": 0.9767169822355031, "\u03b4 < 1.25^3": 0.9918144144413291}