{"Abs Rel": 0.08433074190343202, "Sq Rel": 0.05775201085758728, "RMSE": 0.30833902269065755, "Log RMSE": 0.14399017606834774, "\u03b4 < 1.": 0.0, "\u03b4 < 1.25": 0.9383872005282478, "\u03b4 < 1.25^2": 0.9794796010688253, "\u03b4 < 1.25^3": 0.9865040410813523}