{"Abs Rel": 0.09899930793758632, "Sq Rel": 0.07025403575648095, "RMSE": 0.346370823463547, "Log RMSE": 0.1542350883687265, "\u03b4 < 1.": 0.0, "\u03b4 < 1.25": 0.9061227949431414, "\u03b4 < 1.25^2": 0.97918061582562, "\u03b4 < 1.25^3": 0.9862852050169921}