{"Abs Rel": 0.08189782932618345, "Sq Rel": 0.05637005286688421, "RMSE": 0.3018724568098199, "Log RMSE": 0.13981055302543915, "\u03b4 < 1.": 0.0, "\u03b4 < 1.25": 0.9412776114630194, "\u03b4 < 1.25^2": 0.9794900902481326, "\u03b4 < 1.25^3": 0.9868800536037029}