protocol,method,runtime_sec_mean,runtime_sec_std,per_frame_sec_mean,per_frame_sec_std,peak_vram_mb_mean,peak_vram_mb_std,output_point_count_mean,output_point_count_std,mean_conf_mean,mean_conf_std,median_conf_mean,median_conf_std,basic_consistency_score_mean,basic_consistency_score_std,loop_closure_trans_error_mean,loop_closure_trans_error_std,loop_closure_rot_error_deg_mean,loop_closure_rot_error_deg_std
different_seed,ttt3r_momentum_inv_t1,14.985913773377737,1.4224205074691998,0.9085767492651939,0.23855528125171488,,,860141.5,294908.10750484787,12.095973134040833,4.424722747926955,4.54955929517746,5.616636539554085,1.1084605046989593,0.510124809348859,0.39460436534136534,0.3710439603379578,6.987408655455458,4.324503024907904
different_seed,ttt3r_momentum_inv_t1_drift0,14.955800453821817,1.3446258066990857,0.9083974990579816,0.24355815023478616,,,869590.75,299787.5468394622,12.488492727279663,4.274468101546903,4.632836073637009,5.610594194909922,1.1082569449356485,0.5046638426912852,0.39034536480903625,0.3629416582476426,6.963136188301351,4.284878083994264
fixed_seed,ttt3r_momentum_inv_t1,15.608433981736502,1.7761449969938694,0.9508236547311147,0.28191279499675026,,,860141.5,294908.10750484787,12.095973134040833,4.424722747926955,4.54955929517746,5.616636539554085,1.1084605046989593,0.510124809348859,0.39460436534136534,0.3710439603379578,6.987408655455458,4.324503024907904
fixed_seed,ttt3r_momentum_inv_t1_drift0,15.324281970659891,1.3091197215678576,0.9327324744727875,0.25621029595598055,,,869590.75,299787.5468394622,12.488492727279663,4.274468101546903,4.632836073637009,5.610594194909922,1.1082569449356485,0.5046638426912852,0.39034536480903625,0.3629416582476426,6.963136188301351,4.284878083994264
