{"Abs Rel": 0.11504893258557072, "Sq Rel": 0.8452345266704538, "RMSE": 5.672172035743103, "Log RMSE": 0.1712533793223256, "\u03b4 < 1.": 0.0, "\u03b4 < 1.25": 0.8666803916345188, "\u03b4 < 1.25^2": 0.9708722943732158, "\u03b4 < 1.25^3": 0.9910280878108857}