{"Abs Rel": 0.11843781661704425, "Sq Rel": 0.8050247162009256, "RMSE": 5.463623162741848, "Log RMSE": 0.1656849900397661, "\u03b4 < 1.": 0.0, "\u03b4 < 1.25": 0.8808607798360679, "\u03b4 < 1.25^2": 0.9759111498078937, "\u03b4 < 1.25^3": 0.9923988123928433}