{"Abs Rel": 0.10630295680231958, "Sq Rel": 0.7950421562484706, "RMSE": 5.566821131050254, "Log RMSE": 0.16246111623109064, "\u03b4 < 1.": 0.0, "\u03b4 < 1.25": 0.8895027561749866, "\u03b4 < 1.25^2": 0.973393389896858, "\u03b4 < 1.25^3": 0.9916711094237142}