{"Abs Rel": 0.13013355915776964, "Sq Rel": 0.8328010928716849, "RMSE": 5.317984529199649, "Log RMSE": 0.17558886042268979, "\u03b4 < 1.": 0.0, "\u03b4 < 1.25": 0.8652962732188401, "\u03b4 < 1.25^2": 0.9746517826257001, "\u03b4 < 1.25^3": 0.9915800240868947}