{"Abs Rel": 0.15152800859731702, "Sq Rel": 1.008022888054174, "RMSE": 5.666943330151441, "Log RMSE": 0.19386651206919583, "\u03b4 < 1.": 0.0, "\u03b4 < 1.25": 0.804344257230698, "\u03b4 < 1.25^2": 0.9696907867378486, "\u03b4 < 1.25^3": 0.9907240984692826}