{"Abs Rel": 0.11895674755097344, "Sq Rel": 0.8208449786310437, "RMSE": 5.43486828585849, "Log RMSE": 0.17384375743649821, "\u03b4 < 1.": 0.0, "\u03b4 < 1.25": 0.8757571504129393, "\u03b4 < 1.25^2": 0.9723927752245013, "\u03b4 < 1.25^3": 0.9906706908499829}